"not_rain_all_predict","test_data_all_not.reg_date","test_data_all_not.hour_reg","test_data_all_not.pick_rgn2_nm"
28.12139675321,2023-05-03,"24","강동구"
31.6542034220628,2023-05-03,"24","강북구"
83.84595670703,2023-05-03,"24","강서구"
189.830309049299,2023-05-03,"24","관악구"
42.2683081430849,2023-05-03,"24","광진구"
25.2496417769032,2023-05-03,"24","구로구"
23.6651446645357,2023-05-03,"24","금천구"
31.3427177548643,2023-05-03,"24","노원구"
10.4151012364705,2023-05-03,"24","도봉구"
47.8640121530219,2023-05-03,"24","동대문구"
42.4147903273746,2023-05-03,"24","동작구"
90.4408716318222,2023-05-03,"24","마포구"
41.0566173865104,2023-05-03,"24","서대문구"
47.7085795755649,2023-05-03,"24","서초구"
33.8574977999598,2023-05-03,"24","성동구"
52.2980141860335,2023-05-03,"24","성북구"
102.760130138771,2023-05-03,"24","송파구"
27.2974123927953,2023-05-03,"24","양천구"
65.1400341072826,2023-05-03,"24","영등포구"
32.4207418779492,2023-05-03,"24","용산구"
38.6555064587501,2023-05-03,"24","은평구"
13.0104326743238,2023-05-03,"24","종로구"
19.8752243079347,2023-05-03,"24","중구"
25.1648824814845,2023-05-03,"24","중랑구"
9.73177368520343,2023-05-03,"25","강동구"
13.7514908268011,2023-05-03,"25","강북구"
45.494144622683,2023-05-03,"25","강서구"
118.779764163227,2023-05-03,"25","관악구"
20.3962553447117,2023-05-03,"25","광진구"
9.68301927734178,2023-05-03,"25","구로구"
8.07756062077202,2023-05-03,"25","금천구"
12.4618241640344,2023-05-03,"25","노원구"
-1.81065348869075,2023-05-03,"25","도봉구"
26.9617058549258,2023-05-03,"25","동대문구"
23.5241464329734,2023-05-03,"25","동작구"
52.7662087971172,2023-05-03,"25","마포구"
24.9320774736658,2023-05-03,"25","서대문구"
24.8724009577938,2023-05-03,"25","서초구"
13.7662076956931,2023-05-03,"25","성동구"
28.9185279653167,2023-05-03,"25","성북구"
63.3430747257144,2023-05-03,"25","송파구"
13.4041984573816,2023-05-03,"25","양천구"
40.0263604249042,2023-05-03,"25","영등포구"
11.8415074786865,2023-05-03,"25","용산구"
19.144685180202,2023-05-03,"25","은평구"
-0.54073089367246,2023-05-03,"25","종로구"
14.8503754220086,2023-05-03,"25","중구"
9.66609007859544,2023-05-03,"25","중랑구"
27.1454625541419,2023-05-03,"9","강동구"
20.2707655590513,2023-05-03,"9","강북구"
68.8785176812945,2023-05-03,"9","강서구"
88.8776867825273,2023-05-03,"9","관악구"
26.6642886850125,2023-05-03,"9","광진구"
20.8099749688765,2023-05-03,"9","구로구"
18.4252593879791,2023-05-03,"9","금천구"
26.8770946105119,2023-05-03,"9","노원구"
3.55822402145755,2023-05-03,"9","도봉구"
38.3986126089382,2023-05-03,"9","동대문구"
21.4694743677469,2023-05-03,"9","동작구"
73.983985501181,2023-05-03,"9","마포구"
27.3468633423236,2023-05-03,"9","서대문구"
60.6769958629237,2023-05-03,"9","서초구"
24.4346316172488,2023-05-03,"9","성동구"
41.5280571841943,2023-05-03,"9","성북구"
89.3928735776535,2023-05-03,"9","송파구"
24.4335378748777,2023-05-03,"9","양천구"
60.498650108198,2023-05-03,"9","영등포구"
23.8651347846327,2023-05-03,"9","용산구"
23.9098896106965,2023-05-03,"9","은평구"
13.2671864638742,2023-05-03,"9","종로구"
15.088845439012,2023-05-03,"9","중구"
13.7522463246854,2023-05-03,"9","중랑구"
60.0197653082079,2023-05-03,"10","강동구"
44.6696990149331,2023-05-03,"10","강북구"
129.308846289195,2023-05-03,"10","강서구"
157.992387991457,2023-05-03,"10","관악구"
65.8283609775447,2023-05-03,"10","광진구"
56.0256162562728,2023-05-03,"10","구로구"
48.1545803986519,2023-05-03,"10","금천구"
70.6493803310709,2023-05-03,"10","노원구"
20.7205163570909,2023-05-03,"10","도봉구"
81.4600725125746,2023-05-03,"10","동대문구"
58.1723460811858,2023-05-03,"10","동작구"
162.991983977488,2023-05-03,"10","마포구"
65.1666309795552,2023-05-03,"10","서대문구"
160.058920215038,2023-05-03,"10","서초구"
72.3420395359233,2023-05-03,"10","성동구"
97.5108124851324,2023-05-03,"10","성북구"
187.471280861703,2023-05-03,"10","송파구"
68.8523015927239,2023-05-03,"10","양천구"
188.882358094513,2023-05-03,"10","영등포구"
71.4407517810098,2023-05-03,"10","용산구"
54.4790502858851,2023-05-03,"10","은평구"
60.5257927509506,2023-05-03,"10","종로구"
89.1668473639333,2023-05-03,"10","중구"
40.8594286243057,2023-05-03,"10","중랑구"
150.275174552179,2023-05-03,"11","강동구"
107.078557978008,2023-05-03,"11","강북구"
282.912084815101,2023-05-03,"11","강서구"
314.588468266037,2023-05-03,"11","관악구"
165.587481541733,2023-05-03,"11","광진구"
154.710643164501,2023-05-03,"11","구로구"
142.622263196873,2023-05-03,"11","금천구"
174.897115143413,2023-05-03,"11","노원구"
70.2936316142402,2023-05-03,"11","도봉구"
201.860011899461,2023-05-03,"11","동대문구"
156.636859325936,2023-05-03,"11","동작구"
362.573747725167,2023-05-03,"11","마포구"
179.558234357753,2023-05-03,"11","서대문구"
399.134671148627,2023-05-03,"11","서초구"
220.289885113078,2023-05-03,"11","성동구"
219.656442753942,2023-05-03,"11","성북구"
390.646995967819,2023-05-03,"11","송파구"
151.67752571661,2023-05-03,"11","양천구"
339.01255968083,2023-05-03,"11","영등포구"
174.61462101092,2023-05-03,"11","용산구"
125.289378419869,2023-05-03,"11","은평구"
170.872351216764,2023-05-03,"11","종로구"
214.250687525775,2023-05-03,"11","중구"
99.632306649106,2023-05-03,"11","중랑구"
147.760284684645,2023-05-03,"12","강동구"
110.19117477935,2023-05-03,"12","강북구"
265.246903473291,2023-05-03,"12","강서구"
340.894302475311,2023-05-03,"12","관악구"
164.01289155579,2023-05-03,"12","광진구"
139.272520974581,2023-05-03,"12","구로구"
116.546584942111,2023-05-03,"12","금천구"
172.32987261399,2023-05-03,"12","노원구"
70.6064697347806,2023-05-03,"12","도봉구"
179.287982653871,2023-05-03,"12","동대문구"
155.244995978584,2023-05-03,"12","동작구"
329.80064404572,2023-05-03,"12","마포구"
171.947855780291,2023-05-03,"12","서대문구"
281.762776347792,2023-05-03,"12","서초구"
210.546149950251,2023-05-03,"12","성동구"
209.993478935431,2023-05-03,"12","성북구"
377.373166283707,2023-05-03,"12","송파구"
164.703899782234,2023-05-03,"12","양천구"
271.426053471367,2023-05-03,"12","영등포구"
158.303715335611,2023-05-03,"12","용산구"
134.45274368799,2023-05-03,"12","은평구"
124.691432732715,2023-05-03,"12","종로구"
132.292366875458,2023-05-03,"12","중구"
103.959357694348,2023-05-03,"12","중랑구"
109.348796314509,2023-05-03,"13","강동구"
83.0262300868804,2023-05-03,"13","강북구"
203.276099232286,2023-05-03,"13","강서구"
257.698334030026,2023-05-03,"13","관악구"
108.769903735569,2023-05-03,"13","광진구"
103.300692656793,2023-05-03,"13","구로구"
82.9200307075391,2023-05-03,"13","금천구"
135.56566208871,2023-05-03,"13","노원구"
54.5770346728182,2023-05-03,"13","도봉구"
131.774883214149,2023-05-03,"13","동대문구"
122.452688181436,2023-05-03,"13","동작구"
238.98925376436,2023-05-03,"13","마포구"
112.532943816493,2023-05-03,"13","서대문구"
191.75649148529,2023-05-03,"13","서초구"
123.991237009607,2023-05-03,"13","성동구"
155.170190695795,2023-05-03,"13","성북구"
281.355956709257,2023-05-03,"13","송파구"
128.695761987158,2023-05-03,"13","양천구"
179.011585185444,2023-05-03,"13","영등포구"
101.622547614449,2023-05-03,"13","용산구"
111.549014666744,2023-05-03,"13","은평구"
77.0176480077394,2023-05-03,"13","종로구"
74.856375022617,2023-05-03,"13","중구"
81.4488258554437,2023-05-03,"13","중랑구"
82.0889347240474,2023-05-03,"14","강동구"
67.3036041296977,2023-05-03,"14","강북구"
153.668103663303,2023-05-03,"14","강서구"
213.644365277482,2023-05-03,"14","관악구"
97.9364440434074,2023-05-03,"14","광진구"
73.9188303868486,2023-05-03,"14","구로구"
63.3380903506692,2023-05-03,"14","금천구"
105.891872699558,2023-05-03,"14","노원구"
40.5371714239134,2023-05-03,"14","도봉구"
103.10455447311,2023-05-03,"14","동대문구"
90.5415485426983,2023-05-03,"14","동작구"
187.996680512754,2023-05-03,"14","마포구"
90.7574605470159,2023-05-03,"14","서대문구"
143.756611807562,2023-05-03,"14","서초구"
94.2975386489311,2023-05-03,"14","성동구"
117.688702557241,2023-05-03,"14","성북구"
216.781498186993,2023-05-03,"14","송파구"
103.492960377948,2023-05-03,"14","양천구"
147.093423037583,2023-05-03,"14","영등포구"
75.1082199206337,2023-05-03,"14","용산구"
79.4871156000083,2023-05-03,"14","은평구"
56.3534180554002,2023-05-03,"14","종로구"
50.1848882975214,2023-05-03,"14","중구"
60.4160342100625,2023-05-03,"14","중랑구"
79.4876572152128,2023-05-03,"15","강동구"
62.000174290499,2023-05-03,"15","강북구"
143.982003868464,2023-05-03,"15","강서구"
212.236048790726,2023-05-03,"15","관악구"
97.8402567872928,2023-05-03,"15","광진구"
84.0914975171194,2023-05-03,"15","구로구"
57.0447970120529,2023-05-03,"15","금천구"
111.565331352679,2023-05-03,"15","노원구"
38.2671937703421,2023-05-03,"15","도봉구"
94.4828863540715,2023-05-03,"15","동대문구"
81.4742035863567,2023-05-03,"15","동작구"
177.083730515102,2023-05-03,"15","마포구"
92.4533090179953,2023-05-03,"15","서대문구"
129.490907834657,2023-05-03,"15","서초구"
80.5725872780253,2023-05-03,"15","성동구"
120.092639875378,2023-05-03,"15","성북구"
218.535416578153,2023-05-03,"15","송파구"
104.633631190177,2023-05-03,"15","양천구"
129.753990077466,2023-05-03,"15","영등포구"
73.8639327160516,2023-05-03,"15","용산구"
83.4602018349215,2023-05-03,"15","은평구"
47.7636433181378,2023-05-03,"15","종로구"
47.8040478289172,2023-05-03,"15","중구"
60.0188930579641,2023-05-03,"15","중랑구"
110.672410284051,2023-05-03,"16","강동구"
81.6888473377843,2023-05-03,"16","강북구"
190.470616010044,2023-05-03,"16","강서구"
260.370387290547,2023-05-03,"16","관악구"
117.318169421044,2023-05-03,"16","광진구"
99.7523013121352,2023-05-03,"16","구로구"
72.3674949139414,2023-05-03,"16","금천구"
140.688880597724,2023-05-03,"16","노원구"
50.7931438356974,2023-05-03,"16","도봉구"
115.329668632496,2023-05-03,"16","동대문구"
112.838374765972,2023-05-03,"16","동작구"
216.941686856381,2023-05-03,"16","마포구"
138.587317169364,2023-05-03,"16","서대문구"
175.76576914679,2023-05-03,"16","서초구"
100.350741693559,2023-05-03,"16","성동구"
147.397140997274,2023-05-03,"16","성북구"
273.800840157177,2023-05-03,"16","송파구"
144.196063635605,2023-05-03,"16","양천구"
176.41534062906,2023-05-03,"16","영등포구"
87.7845386668527,2023-05-03,"16","용산구"
98.8008994442705,2023-05-03,"16","은평구"
68.0143354775585,2023-05-03,"16","종로구"
64.7196893703133,2023-05-03,"16","중구"
76.1681951392107,2023-05-03,"16","중랑구"
177.586054044613,2023-05-03,"17","강동구"
132.444902131536,2023-05-03,"17","강북구"
315.754824398489,2023-05-03,"17","강서구"
409.972311698639,2023-05-03,"17","관악구"
179.441822071272,2023-05-03,"17","광진구"
180.098625507548,2023-05-03,"17","구로구"
128.875792908196,2023-05-03,"17","금천구"
216.979401682906,2023-05-03,"17","노원구"
96.4912978306533,2023-05-03,"17","도봉구"
200.865153849007,2023-05-03,"17","동대문구"
194.391439127495,2023-05-03,"17","동작구"
369.920782372314,2023-05-03,"17","마포구"
238.542759218339,2023-05-03,"17","서대문구"
295.911790359688,2023-05-03,"17","서초구"
203.683957018791,2023-05-03,"17","성동구"
262.136445964289,2023-05-03,"17","성북구"
440.969845630216,2023-05-03,"17","송파구"
225.995567865029,2023-05-03,"17","양천구"
313.274750678976,2023-05-03,"17","영등포구"
159.530812700935,2023-05-03,"17","용산구"
169.860018546595,2023-05-03,"17","은평구"
122.16618974095,2023-05-03,"17","종로구"
120.886811171926,2023-05-03,"17","중구"
128.584028325987,2023-05-03,"17","중랑구"
269.159404070688,2023-05-03,"18","강동구"
201.319670927357,2023-05-03,"18","강북구"
461.902112141306,2023-05-03,"18","강서구"
582.377314292961,2023-05-03,"18","관악구"
266.450586133985,2023-05-03,"18","광진구"
291.649115566072,2023-05-03,"18","구로구"
203.058713966138,2023-05-03,"18","금천구"
319.565118467467,2023-05-03,"18","노원구"
146.441737025384,2023-05-03,"18","도봉구"
319.337312857213,2023-05-03,"18","동대문구"
299.179766055667,2023-05-03,"18","동작구"
539.677379344772,2023-05-03,"18","마포구"
323.67699163889,2023-05-03,"18","서대문구"
411.691970195,2023-05-03,"18","서초구"
324.943233988761,2023-05-03,"18","성동구"
373.586672327648,2023-05-03,"18","성북구"
642.465444794772,2023-05-03,"18","송파구"
299.260491804661,2023-05-03,"18","양천구"
461.177464868684,2023-05-03,"18","영등포구"
252.222204064718,2023-05-03,"18","용산구"
271.839281017508,2023-05-03,"18","은평구"
179.260170575419,2023-05-03,"18","종로구"
179.658533696781,2023-05-03,"18","중구"
202.223901078338,2023-05-03,"18","중랑구"
267.478533971475,2023-05-03,"19","강동구"
234.260104570959,2023-05-03,"19","강북구"
490.043918736323,2023-05-03,"19","강서구"
626.753516040629,2023-05-03,"19","관악구"
282.956254926559,2023-05-03,"19","광진구"
291.69373808587,2023-05-03,"19","구로구"
223.123362138113,2023-05-03,"19","금천구"
325.583227994442,2023-05-03,"19","노원구"
161.873993678903,2023-05-03,"19","도봉구"
322.664137806013,2023-05-03,"19","동대문구"
292.86706445707,2023-05-03,"19","동작구"
549.056696302314,2023-05-03,"19","마포구"
313.60760961372,2023-05-03,"19","서대문구"
398.040707156004,2023-05-03,"19","서초구"
297.964518548385,2023-05-03,"19","성동구"
366.001365638968,2023-05-03,"19","성북구"
665.498432663755,2023-05-03,"19","송파구"
307.423667450449,2023-05-03,"19","양천구"
455.072121112307,2023-05-03,"19","영등포구"
259.400868194554,2023-05-03,"19","용산구"
285.851590849626,2023-05-03,"19","은평구"
158.166489109537,2023-05-03,"19","종로구"
176.255699130045,2023-05-03,"19","중구"
232.436901911756,2023-05-03,"19","중랑구"
196.497229764842,2023-05-03,"20","강동구"
175.177624454959,2023-05-03,"20","강북구"
377.974509243237,2023-05-03,"20","강서구"
527.159953485574,2023-05-03,"20","관악구"
231.177828460203,2023-05-03,"20","광진구"
189.463546998131,2023-05-03,"20","구로구"
168.503829342743,2023-05-03,"20","금천구"
243.622366627711,2023-05-03,"20","노원구"
112.745273678234,2023-05-03,"20","도봉구"
221.157644224793,2023-05-03,"20","동대문구"
200.83462868453,2023-05-03,"20","동작구"
390.685396539736,2023-05-03,"20","마포구"
219.939231549422,2023-05-03,"20","서대문구"
256.20247298343,2023-05-03,"20","서초구"
198.848732322137,2023-05-03,"20","성동구"
273.944957903946,2023-05-03,"20","성북구"
499.789580708776,2023-05-03,"20","송파구"
221.018284284274,2023-05-03,"20","양천구"
322.80110617165,2023-05-03,"20","영등포구"
181.7331064859,2023-05-03,"20","용산구"
224.482645215648,2023-05-03,"20","은평구"
96.7735580393916,2023-05-03,"20","종로구"
114.351061667174,2023-05-03,"20","중구"
177.092140093227,2023-05-03,"20","중랑구"
137.68048003674,2023-05-03,"21","강동구"
127.958357754066,2023-05-03,"21","강북구"
268.031476365765,2023-05-03,"21","강서구"
401.273681035855,2023-05-03,"21","관악구"
142.297330669398,2023-05-03,"21","광진구"
132.257936229599,2023-05-03,"21","구로구"
112.335667361257,2023-05-03,"21","금천구"
159.543841835709,2023-05-03,"21","노원구"
73.407386921605,2023-05-03,"21","도봉구"
160.311599946974,2023-05-03,"21","동대문구"
147.479707363203,2023-05-03,"21","동작구"
235.194221988948,2023-05-03,"21","마포구"
138.235141302391,2023-05-03,"21","서대문구"
171.036071644265,2023-05-03,"21","서초구"
125.188232330332,2023-05-03,"21","성동구"
181.008544328587,2023-05-03,"21","성북구"
333.266695065747,2023-05-03,"21","송파구"
138.482491510258,2023-05-03,"21","양천구"
222.017098677165,2023-05-03,"21","영등포구"
113.863643125519,2023-05-03,"21","용산구"
152.387929640433,2023-05-03,"21","은평구"
60.4581809593833,2023-05-03,"21","종로구"
75.3137951900307,2023-05-03,"21","중구"
121.270633518431,2023-05-03,"21","중랑구"
97.4341142605411,2023-05-03,"22","강동구"
90.8066272598573,2023-05-03,"22","강북구"
199.499744022909,2023-05-03,"22","강서구"
323.816950712357,2023-05-03,"22","관악구"
112.688138651111,2023-05-03,"22","광진구"
89.7129213080538,2023-05-03,"22","구로구"
79.5758244064366,2023-05-03,"22","금천구"
109.007905137577,2023-05-03,"22","노원구"
49.7993091194871,2023-05-03,"22","도봉구"
117.236906868038,2023-05-03,"22","동대문구"
103.821594042114,2023-05-03,"22","동작구"
183.353235709388,2023-05-03,"22","마포구"
107.277255711086,2023-05-03,"22","서대문구"
121.522051221374,2023-05-03,"22","서초구"
91.7374639036495,2023-05-03,"22","성동구"
130.268122691771,2023-05-03,"22","성북구"
239.091993414875,2023-05-03,"22","송파구"
98.2388582095559,2023-05-03,"22","양천구"
160.325985886436,2023-05-03,"22","영등포구"
82.248601465827,2023-05-03,"22","용산구"
105.499692816064,2023-05-03,"22","은평구"
47.2390517333906,2023-05-03,"22","종로구"
53.4457525596678,2023-05-03,"22","중구"
84.186512126068,2023-05-03,"22","중랑구"
61.3968956475072,2023-05-03,"23","강동구"
53.2292011503128,2023-05-03,"23","강북구"
129.292823767173,2023-05-03,"23","강서구"
255.876828286639,2023-05-03,"23","관악구"
73.1463407827471,2023-05-03,"23","광진구"
52.765515610044,2023-05-03,"23","구로구"
44.3863297800822,2023-05-03,"23","금천구"
59.6823444873252,2023-05-03,"23","노원구"
24.4449468790808,2023-05-03,"23","도봉구"
76.1854844194317,2023-05-03,"23","동대문구"
75.4073856893575,2023-05-03,"23","동작구"
135.146180076359,2023-05-03,"23","마포구"
68.9860323180094,2023-05-03,"23","서대문구"
78.7107206367788,2023-05-03,"23","서초구"
57.860867019485,2023-05-03,"23","성동구"
91.4750428146919,2023-05-03,"23","성북구"
167.677061684472,2023-05-03,"23","송파구"
55.0576947452005,2023-05-03,"23","양천구"
113.708388545347,2023-05-03,"23","영등포구"
56.6932353693065,2023-05-03,"23","용산구"
66.8864267447481,2023-05-03,"23","은평구"
26.8190131303052,2023-05-03,"23","종로구"
32.7429270038187,2023-05-03,"23","중구"
55.8521771738834,2023-05-03,"23","중랑구"
60.158118133797,2023-05-06,"24","강동구"
62.153745278593,2023-05-06,"24","강북구"
117.826405488495,2023-05-06,"24","강서구"
219.050941667714,2023-05-06,"24","관악구"
75.8387020069106,2023-05-06,"24","광진구"
54.5529311864953,2023-05-06,"24","구로구"
57.741755864288,2023-05-06,"24","금천구"
64.3842592231697,2023-05-06,"24","노원구"
42.34634514864,2023-05-06,"24","도봉구"
83.4784607209451,2023-05-06,"24","동대문구"
79.9469843588722,2023-05-06,"24","동작구"
118.691084537231,2023-05-06,"24","마포구"
73.2125502486508,2023-05-06,"24","서대문구"
73.9199267178766,2023-05-06,"24","서초구"
65.5426333362908,2023-05-06,"24","성동구"
84.3297723974303,2023-05-06,"24","성북구"
131.201621235055,2023-05-06,"24","송파구"
55.6154321191279,2023-05-06,"24","양천구"
101.071376605961,2023-05-06,"24","영등포구"
58.0232164452033,2023-05-06,"24","용산구"
70.3789627265494,2023-05-06,"24","은평구"
40.0767212575502,2023-05-06,"24","종로구"
50.4793272837638,2023-05-06,"24","중구"
61.0591487663064,2023-05-06,"24","중랑구"
42.2193161614101,2023-05-06,"25","강동구"
44.5120667584149,2023-05-06,"25","강북구"
77.1678347853291,2023-05-06,"25","강서구"
149.490463605971,2023-05-06,"25","관악구"
53.3884814680229,2023-05-06,"25","광진구"
39.5415583517641,2023-05-06,"25","구로구"
39.7424178905608,2023-05-06,"25","금천구"
46.4835869259293,2023-05-06,"25","노원구"
30.8606957727675,2023-05-06,"25","도봉구"
58.4335089970453,2023-05-06,"25","동대문구"
54.1608179212982,2023-05-06,"25","동작구"
87.2173201276402,2023-05-06,"25","마포구"
54.9096765973523,2023-05-06,"25","서대문구"
63.7025450281774,2023-05-06,"25","서초구"
47.5171981168503,2023-05-06,"25","성동구"
60.5329080307564,2023-05-06,"25","성북구"
94.1547439879265,2023-05-06,"25","송파구"
47.2715983197539,2023-05-06,"25","양천구"
68.5330129353674,2023-05-06,"25","영등포구"
44.3502547470684,2023-05-06,"25","용산구"
51.8701315205856,2023-05-06,"25","은평구"
32.9639443212857,2023-05-06,"25","종로구"
48.2203974171688,2023-05-06,"25","중구"
41.9879834774415,2023-05-06,"25","중랑구"
83.1725807251583,2023-05-06,"9","강동구"
66.0540450806195,2023-05-06,"9","강북구"
147.859636145979,2023-05-06,"9","강서구"
196.3644070882,2023-05-06,"9","관악구"
83.6462341711378,2023-05-06,"9","광진구"
76.1556349721864,2023-05-06,"9","구로구"
68.2290109306292,2023-05-06,"9","금천구"
83.4348102003881,2023-05-06,"9","노원구"
49.4501977883052,2023-05-06,"9","도봉구"
100.910061451728,2023-05-06,"9","동대문구"
79.188221377576,2023-05-06,"9","동작구"
143.580633405629,2023-05-06,"9","마포구"
79.9643681993903,2023-05-06,"9","서대문구"
120.655957222775,2023-05-06,"9","서초구"
78.4986366500875,2023-05-06,"9","성동구"
107.209149395943,2023-05-06,"9","성북구"
196.789560156059,2023-05-06,"9","송파구"
85.0446126269043,2023-05-06,"9","양천구"
144.415899030958,2023-05-06,"9","영등포구"
74.210779468703,2023-05-06,"9","용산구"
83.8956796000876,2023-05-06,"9","은평구"
50.0310206722947,2023-05-06,"9","종로구"
54.9252934378042,2023-05-06,"9","중구"
61.5922953301467,2023-05-06,"9","중랑구"
145.151916256256,2023-05-06,"10","강동구"
107.989762289268,2023-05-06,"10","강북구"
234.799881591449,2023-05-06,"10","강서구"
327.446327512047,2023-05-06,"10","관악구"
148.464971312779,2023-05-06,"10","광진구"
140.482351313696,2023-05-06,"10","구로구"
118.346195113813,2023-05-06,"10","금천구"
165.075109704085,2023-05-06,"10","노원구"
79.1818045739679,2023-05-06,"10","도봉구"
162.292532478234,2023-05-06,"10","동대문구"
137.888495122997,2023-05-06,"10","동작구"
250.551943207747,2023-05-06,"10","마포구"
139.860724109212,2023-05-06,"10","서대문구"
220.866375182337,2023-05-06,"10","서초구"
132.772262753486,2023-05-06,"10","성동구"
179.9349439234,2023-05-06,"10","성북구"
339.237853598042,2023-05-06,"10","송파구"
153.969895252923,2023-05-06,"10","양천구"
233.847898447131,2023-05-06,"10","영등포구"
120.601128074619,2023-05-06,"10","용산구"
139.484796060779,2023-05-06,"10","은평구"
88.5666905002426,2023-05-06,"10","종로구"
83.0960026158671,2023-05-06,"10","중구"
112.984615028709,2023-05-06,"10","중랑구"
249.479760184698,2023-05-06,"11","강동구"
180.522353315842,2023-05-06,"11","강북구"
406.581124458831,2023-05-06,"11","강서구"
551.754457875041,2023-05-06,"11","관악구"
256.66869144528,2023-05-06,"11","광진구"
254.320204351819,2023-05-06,"11","구로구"
201.688720062552,2023-05-06,"11","금천구"
302.65540992892,2023-05-06,"11","노원구"
141.731334963417,2023-05-06,"11","도봉구"
288.568310445189,2023-05-06,"11","동대문구"
286.06968570505,2023-05-06,"11","동작구"
463.699811230488,2023-05-06,"11","마포구"
265.422410178101,2023-05-06,"11","서대문구"
375.897896599633,2023-05-06,"11","서초구"
270.087158727352,2023-05-06,"11","성동구"
321.321119989573,2023-05-06,"11","성북구"
564.01983915312,2023-05-06,"11","송파구"
277.37390083596,2023-05-06,"11","양천구"
383.905954802136,2023-05-06,"11","영등포구"
220.970186620072,2023-05-06,"11","용산구"
248.341332849841,2023-05-06,"11","은평구"
164.101352275387,2023-05-06,"11","종로구"
155.002517824822,2023-05-06,"11","중구"
189.162494697086,2023-05-06,"11","중랑구"
269.20625868657,2023-05-06,"12","강동구"
200.379263158245,2023-05-06,"12","강북구"
437.825971812266,2023-05-06,"12","강서구"
593.593075006764,2023-05-06,"12","관악구"
286.199816302154,2023-05-06,"12","광진구"
281.725618600489,2023-05-06,"12","구로구"
203.216034781633,2023-05-06,"12","금천구"
323.51118605977,2023-05-06,"12","노원구"
173.564847572055,2023-05-06,"12","도봉구"
314.14888640364,2023-05-06,"12","동대문구"
307.185501794101,2023-05-06,"12","동작구"
496.641643332932,2023-05-06,"12","마포구"
285.626767918064,2023-05-06,"12","서대문구"
401.350677235842,2023-05-06,"12","서초구"
293.948503807306,2023-05-06,"12","성동구"
364.45781048975,2023-05-06,"12","성북구"
626.495772776758,2023-05-06,"12","송파구"
320.790148637602,2023-05-06,"12","양천구"
426.638094562118,2023-05-06,"12","영등포구"
238.999672504472,2023-05-06,"12","용산구"
269.57704052708,2023-05-06,"12","은평구"
166.020287433118,2023-05-06,"12","종로구"
155.92596534539,2023-05-06,"12","중구"
209.594903633301,2023-05-06,"12","중랑구"
242.124416309008,2023-05-06,"13","강동구"
187.760865486886,2023-05-06,"13","강북구"
407.416521286006,2023-05-06,"13","강서구"
549.098140415609,2023-05-06,"13","관악구"
254.204736476932,2023-05-06,"13","광진구"
235.779671482404,2023-05-06,"13","구로구"
185.577298540372,2023-05-06,"13","금천구"
287.728381766641,2023-05-06,"13","노원구"
149.573012580305,2023-05-06,"13","도봉구"
264.875074656876,2023-05-06,"13","동대문구"
286.624039721129,2023-05-06,"13","동작구"
426.804065590847,2023-05-06,"13","마포구"
233.758362270303,2023-05-06,"13","서대문구"
344.348232244717,2023-05-06,"13","서초구"
245.706784460973,2023-05-06,"13","성동구"
303.468232508929,2023-05-06,"13","성북구"
570.343330517226,2023-05-06,"13","송파구"
282.814926214811,2023-05-06,"13","양천구"
393.455240393895,2023-05-06,"13","영등포구"
204.947855892441,2023-05-06,"13","용산구"
239.334801354307,2023-05-06,"13","은평구"
136.701119352264,2023-05-06,"13","종로구"
135.700938695836,2023-05-06,"13","중구"
192.469063893068,2023-05-06,"13","중랑구"
193.729912652084,2023-05-06,"14","강동구"
161.057003940679,2023-05-06,"14","강북구"
316.679124673757,2023-05-06,"14","강서구"
450.784010150748,2023-05-06,"14","관악구"
218.949948807826,2023-05-06,"14","광진구"
191.334563365943,2023-05-06,"14","구로구"
147.631992324125,2023-05-06,"14","금천구"
233.783529098182,2023-05-06,"14","노원구"
115.891951143879,2023-05-06,"14","도봉구"
214.506300955411,2023-05-06,"14","동대문구"
222.140274051482,2023-05-06,"14","동작구"
345.673125953055,2023-05-06,"14","마포구"
202.918584744458,2023-05-06,"14","서대문구"
247.539811109788,2023-05-06,"14","서초구"
205.929881130077,2023-05-06,"14","성동구"
246.293726779657,2023-05-06,"14","성북구"
431.640183623086,2023-05-06,"14","송파구"
223.058170555603,2023-05-06,"14","양천구"
318.817551591808,2023-05-06,"14","영등포구"
164.015217229703,2023-05-06,"14","용산구"
194.428970654764,2023-05-06,"14","은평구"
110.340939160226,2023-05-06,"14","종로구"
106.899215389108,2023-05-06,"14","중구"
154.587141602943,2023-05-06,"14","중랑구"
171.218940000582,2023-05-06,"15","강동구"
145.008369185759,2023-05-06,"15","강북구"
263.852871878198,2023-05-06,"15","강서구"
383.469354294265,2023-05-06,"15","관악구"
195.624755180844,2023-05-06,"15","광진구"
163.335324266016,2023-05-06,"15","구로구"
131.833826977648,2023-05-06,"15","금천구"
210.074434487963,2023-05-06,"15","노원구"
97.3708130624225,2023-05-06,"15","도봉구"
193.947179672362,2023-05-06,"15","동대문구"
190.864114681218,2023-05-06,"15","동작구"
313.455826350144,2023-05-06,"15","마포구"
174.952493869193,2023-05-06,"15","서대문구"
217.895725311764,2023-05-06,"15","서초구"
170.894202137937,2023-05-06,"15","성동구"
211.895646147759,2023-05-06,"15","성북구"
397.933913211184,2023-05-06,"15","송파구"
185.601528520896,2023-05-06,"15","양천구"
260.406347616644,2023-05-06,"15","영등포구"
150.502541606542,2023-05-06,"15","용산구"
176.182133342008,2023-05-06,"15","은평구"
93.0773309093766,2023-05-06,"15","종로구"
91.3507966731033,2023-05-06,"15","중구"
136.366862716338,2023-05-06,"15","중랑구"
192.552330981545,2023-05-06,"16","강동구"
157.487324263935,2023-05-06,"16","강북구"
323.276256576383,2023-05-06,"16","강서구"
451.182261855752,2023-05-06,"16","관악구"
213.182568593376,2023-05-06,"16","광진구"
198.933104409032,2023-05-06,"16","구로구"
147.119577972767,2023-05-06,"16","금천구"
223.682136522009,2023-05-06,"16","노원구"
114.794227146552,2023-05-06,"16","도봉구"
212.573327398944,2023-05-06,"16","동대문구"
214.840391697668,2023-05-06,"16","동작구"
350.816488127389,2023-05-06,"16","마포구"
208.229639991771,2023-05-06,"16","서대문구"
252.337835841124,2023-05-06,"16","서초구"
188.552891902672,2023-05-06,"16","성동구"
239.182410320591,2023-05-06,"16","성북구"
437.927539967809,2023-05-06,"16","송파구"
228.219549374483,2023-05-06,"16","양천구"
328.032400066612,2023-05-06,"16","영등포구"
171.893866253995,2023-05-06,"16","용산구"
186.330167662483,2023-05-06,"16","은평구"
111.262828261339,2023-05-06,"16","종로구"
108.153780381671,2023-05-06,"16","중구"
151.752616160384,2023-05-06,"16","중랑구"
285.627248539708,2023-05-06,"17","강동구"
229.747867290776,2023-05-06,"17","강북구"
480.261608915953,2023-05-06,"17","강서구"
608.871693109454,2023-05-06,"17","관악구"
300.203617919862,2023-05-06,"17","광진구"
310.465066746313,2023-05-06,"17","구로구"
213.884175612287,2023-05-06,"17","금천구"
348.36629764434,2023-05-06,"17","노원구"
178.41434179505,2023-05-06,"17","도봉구"
323.454166353489,2023-05-06,"17","동대문구"
331.419787179752,2023-05-06,"17","동작구"
522.704194787471,2023-05-06,"17","마포구"
327.836778188349,2023-05-06,"17","서대문구"
389.352112202495,2023-05-06,"17","서초구"
295.268153729934,2023-05-06,"17","성동구"
377.588820978236,2023-05-06,"17","성북구"
672.352294451038,2023-05-06,"17","송파구"
337.922825829193,2023-05-06,"17","양천구"
461.104549706758,2023-05-06,"17","영등포구"
261.523966465572,2023-05-06,"17","용산구"
296.26293596259,2023-05-06,"17","은평구"
166.131644859248,2023-05-06,"17","종로구"
157.310873244672,2023-05-06,"17","중구"
229.206364645384,2023-05-06,"17","중랑구"
368.021096513711,2023-05-06,"18","강동구"
289.347220907621,2023-05-06,"18","강북구"
584.270632813788,2023-05-06,"18","강서구"
731.580554440016,2023-05-06,"18","관악구"
362.69399336787,2023-05-06,"18","광진구"
377.018160052722,2023-05-06,"18","구로구"
259.743859607728,2023-05-06,"18","금천구"
449.192675931128,2023-05-06,"18","노원구"
235.694793370419,2023-05-06,"18","도봉구"
395.150273342454,2023-05-06,"18","동대문구"
414.869043204091,2023-05-06,"18","동작구"
650.361182891367,2023-05-06,"18","마포구"
403.076991593489,2023-05-06,"18","서대문구"
472.81116612123,2023-05-06,"18","서초구"
361.396755808422,2023-05-06,"18","성동구"
478.698254110989,2023-05-06,"18","성북구"
821.055655765226,2023-05-06,"18","송파구"
442.258721827326,2023-05-06,"18","양천구"
558.085005238075,2023-05-06,"18","영등포구"
310.858371056193,2023-05-06,"18","용산구"
395.496013107748,2023-05-06,"18","은평구"
198.901288186463,2023-05-06,"18","종로구"
189.601624416475,2023-05-06,"18","중구"
292.61154339833,2023-05-06,"18","중랑구"
364.951014166864,2023-05-06,"19","강동구"
288.974827076085,2023-05-06,"19","강북구"
591.079541971096,2023-05-06,"19","강서구"
753.213277632469,2023-05-06,"19","관악구"
364.509200934233,2023-05-06,"19","광진구"
368.831544402201,2023-05-06,"19","구로구"
267.582952374664,2023-05-06,"19","금천구"
445.03007545659,2023-05-06,"19","노원구"
228.709339052407,2023-05-06,"19","도봉구"
392.099940836425,2023-05-06,"19","동대문구"
394.314888410495,2023-05-06,"19","동작구"
634.744383958525,2023-05-06,"19","마포구"
384.916390645569,2023-05-06,"19","서대문구"
462.593644784464,2023-05-06,"19","서초구"
354.700678982514,2023-05-06,"19","성동구"
462.705030603111,2023-05-06,"19","성북구"
831.352258864154,2023-05-06,"19","송파구"
428.013453144016,2023-05-06,"19","양천구"
547.206888505394,2023-05-06,"19","영등포구"
319.052500461239,2023-05-06,"19","용산구"
389.208883943596,2023-05-06,"19","은평구"
195.586902071686,2023-05-06,"19","종로구"
191.50650519795,2023-05-06,"19","중구"
307.955421596768,2023-05-06,"19","중랑구"
296.259941276724,2023-05-06,"20","강동구"
248.627353730237,2023-05-06,"20","강북구"
495.54809496013,2023-05-06,"20","강서구"
664.790069243394,2023-05-06,"20","관악구"
298.599368621479,2023-05-06,"20","광진구"
292.842301538173,2023-05-06,"20","구로구"
217.296096773425,2023-05-06,"20","금천구"
352.861271730779,2023-05-06,"20","노원구"
172.496296302462,2023-05-06,"20","도봉구"
320.430095738014,2023-05-06,"20","동대문구"
316.20543583258,2023-05-06,"20","동작구"
511.142415546859,2023-05-06,"20","마포구"
305.637576055386,2023-05-06,"20","서대문구"
331.897731970471,2023-05-06,"20","서초구"
278.152626192352,2023-05-06,"20","성동구"
357.876494272895,2023-05-06,"20","성북구"
648.765563065071,2023-05-06,"20","송파구"
313.285967899517,2023-05-06,"20","양천구"
433.358266348245,2023-05-06,"20","영등포구"
248.791419199893,2023-05-06,"20","용산구"
327.811362335672,2023-05-06,"20","은평구"
153.370930195623,2023-05-06,"20","종로구"
162.025070791437,2023-05-06,"20","중구"
252.520948829536,2023-05-06,"20","중랑구"
222.540358622052,2023-05-06,"21","강동구"
189.216317060207,2023-05-06,"21","강북구"
393.055055404728,2023-05-06,"21","강서구"
553.273544659716,2023-05-06,"21","관악구"
235.127888379224,2023-05-06,"21","광진구"
222.563456614274,2023-05-06,"21","구로구"
174.349620007365,2023-05-06,"21","금천구"
256.433548443308,2023-05-06,"21","노원구"
132.542532924029,2023-05-06,"21","도봉구"
239.356405099008,2023-05-06,"21","동대문구"
251.416029876355,2023-05-06,"21","동작구"
338.167945919261,2023-05-06,"21","마포구"
221.704177367469,2023-05-06,"21","서대문구"
233.38332264782,2023-05-06,"21","서초구"
199.406036170261,2023-05-06,"21","성동구"
275.57358132087,2023-05-06,"21","성북구"
468.826651626817,2023-05-06,"21","송파구"
219.886059412852,2023-05-06,"21","양천구"
327.390572199749,2023-05-06,"21","영등포구"
172.941626054797,2023-05-06,"21","용산구"
235.079336478743,2023-05-06,"21","은평구"
117.292153062954,2023-05-06,"21","종로구"
122.137491910445,2023-05-06,"21","중구"
201.168465536333,2023-05-06,"21","중랑구"
167.017151742583,2023-05-06,"22","강동구"
147.592036661599,2023-05-06,"22","강북구"
304.117013622223,2023-05-06,"22","강서구"
461.541543574025,2023-05-06,"22","관악구"
180.905520147233,2023-05-06,"22","광진구"
174.219654185415,2023-05-06,"22","구로구"
142.692865876823,2023-05-06,"22","금천구"
181.623298471698,2023-05-06,"22","노원구"
101.705846875716,2023-05-06,"22","도봉구"
185.1006940788,2023-05-06,"22","동대문구"
198.184103710475,2023-05-06,"22","동작구"
282.258570290763,2023-05-06,"22","마포구"
184.963757915897,2023-05-06,"22","서대문구"
170.840940792972,2023-05-06,"22","서초구"
165.740795493513,2023-05-06,"22","성동구"
197.479227639965,2023-05-06,"22","성북구"
374.562552613677,2023-05-06,"22","송파구"
165.882986848951,2023-05-06,"22","양천구"
255.995857928321,2023-05-06,"22","영등포구"
145.925895486514,2023-05-06,"22","용산구"
184.324146422927,2023-05-06,"22","은평구"
88.5420565920454,2023-05-06,"22","종로구"
94.3472834022418,2023-05-06,"22","중구"
157.325076654316,2023-05-06,"22","중랑구"
122.4482332515,2023-05-06,"23","강동구"
113.591772222174,2023-05-06,"23","강북구"
220.805493067346,2023-05-06,"23","강서구"
370.224519746362,2023-05-06,"23","관악구"
131.058164261533,2023-05-06,"23","광진구"
120.914820898559,2023-05-06,"23","구로구"
103.575745368532,2023-05-06,"23","금천구"
129.333330024972,2023-05-06,"23","노원구"
79.7878603891099,2023-05-06,"23","도봉구"
131.641248687348,2023-05-06,"23","동대문구"
138.68116472923,2023-05-06,"23","동작구"
210.628275151286,2023-05-06,"23","마포구"
132.787677348524,2023-05-06,"23","서대문구"
131.408589774374,2023-05-06,"23","서초구"
116.389104678659,2023-05-06,"23","성동구"
159.363753651838,2023-05-06,"23","성북구"
277.915886408066,2023-05-06,"23","송파구"
108.572829234598,2023-05-06,"23","양천구"
182.911629835637,2023-05-06,"23","영등포구"
107.088247684201,2023-05-06,"23","용산구"
139.532936390032,2023-05-06,"23","은평구"
76.3406820175876,2023-05-06,"23","종로구"
74.9056348032343,2023-05-06,"23","중구"
112.201591052435,2023-05-06,"23","중랑구"
54.6382992043455,2023-05-07,"24","강동구"
56.0460820429733,2023-05-07,"24","강북구"
108.326361015266,2023-05-07,"24","강서구"
207.989948249246,2023-05-07,"24","관악구"
71.2307473239565,2023-05-07,"24","광진구"
57.2273418573215,2023-05-07,"24","구로구"
56.8904204415627,2023-05-07,"24","금천구"
62.011669716532,2023-05-07,"24","노원구"
39.5314617494507,2023-05-07,"24","도봉구"
79.3252892235872,2023-05-07,"24","동대문구"
70.8299641795155,2023-05-07,"24","동작구"
121.341938268021,2023-05-07,"24","마포구"
72.6398225713935,2023-05-07,"24","서대문구"
73.1342922230202,2023-05-07,"24","서초구"
67.1584832437416,2023-05-07,"24","성동구"
80.7012871267012,2023-05-07,"24","성북구"
122.380044662763,2023-05-07,"24","송파구"
62.3840281846374,2023-05-07,"24","양천구"
97.2581899009811,2023-05-07,"24","영등포구"
65.2983667948743,2023-05-07,"24","용산구"
71.0454639654766,2023-05-07,"24","은평구"
43.7756583881743,2023-05-07,"24","종로구"
53.2286991013826,2023-05-07,"24","중구"
58.7642954448175,2023-05-07,"24","중랑구"
42.6281727336816,2023-05-07,"25","강동구"
42.7505446257833,2023-05-07,"25","강북구"
79.1559433955787,2023-05-07,"25","강서구"
140.661547608559,2023-05-07,"25","관악구"
52.3824915552426,2023-05-07,"25","광진구"
40.1428554806106,2023-05-07,"25","구로구"
39.7973806673955,2023-05-07,"25","금천구"
50.1448476776405,2023-05-07,"25","노원구"
30.2684059579384,2023-05-07,"25","도봉구"
55.3720931204082,2023-05-07,"25","동대문구"
52.466870889723,2023-05-07,"25","동작구"
84.0498138721099,2023-05-07,"25","마포구"
53.9855627449707,2023-05-07,"25","서대문구"
58.2152155376106,2023-05-07,"25","서초구"
45.9255142347378,2023-05-07,"25","성동구"
58.191700907711,2023-05-07,"25","성북구"
91.1474477289901,2023-05-07,"25","송파구"
47.2908749226902,2023-05-07,"25","양천구"
69.6649215159385,2023-05-07,"25","영등포구"
44.8290695655636,2023-05-07,"25","용산구"
50.0476797864662,2023-05-07,"25","은평구"
30.1733591589484,2023-05-07,"25","종로구"
43.1833948061623,2023-05-07,"25","중구"
40.8380888427592,2023-05-07,"25","중랑구"
85.4359298453855,2023-05-07,"9","강동구"
65.0385817678124,2023-05-07,"9","강북구"
146.01146758957,2023-05-07,"9","강서구"
186.882209603589,2023-05-07,"9","관악구"
83.3620062819707,2023-05-07,"9","광진구"
71.241486106881,2023-05-07,"9","구로구"
67.9085851948021,2023-05-07,"9","금천구"
79.7915061329392,2023-05-07,"9","노원구"
50.4134715221138,2023-05-07,"9","도봉구"
91.7203776399062,2023-05-07,"9","동대문구"
75.8994070969257,2023-05-07,"9","동작구"
141.882151868221,2023-05-07,"9","마포구"
73.2036101996725,2023-05-07,"9","서대문구"
115.511183689037,2023-05-07,"9","서초구"
75.4062422376597,2023-05-07,"9","성동구"
100.907162750502,2023-05-07,"9","성북구"
193.040576006045,2023-05-07,"9","송파구"
86.6504244934416,2023-05-07,"9","양천구"
135.742703139332,2023-05-07,"9","영등포구"
71.0883596669059,2023-05-07,"9","용산구"
77.9012129145155,2023-05-07,"9","은평구"
48.0781170723768,2023-05-07,"9","종로구"
51.1695788284143,2023-05-07,"9","중구"
61.8222475757905,2023-05-07,"9","중랑구"
141.629487673885,2023-05-07,"10","강동구"
116.173640217569,2023-05-07,"10","강북구"
256.772937208731,2023-05-07,"10","강서구"
330.430419751273,2023-05-07,"10","관악구"
144.188584987939,2023-05-07,"10","광진구"
142.474850903793,2023-05-07,"10","구로구"
123.358071970134,2023-05-07,"10","금천구"
149.787896796039,2023-05-07,"10","노원구"
84.2296046460953,2023-05-07,"10","도봉구"
169.143098594254,2023-05-07,"10","동대문구"
138.3719148223,2023-05-07,"10","동작구"
264.99854564742,2023-05-07,"10","마포구"
138.462666858995,2023-05-07,"10","서대문구"
206.567427579458,2023-05-07,"10","서초구"
130.722422486655,2023-05-07,"10","성동구"
178.798769683393,2023-05-07,"10","성북구"
333.751462460453,2023-05-07,"10","송파구"
143.409690422838,2023-05-07,"10","양천구"
254.556380382384,2023-05-07,"10","영등포구"
125.082793965262,2023-05-07,"10","용산구"
146.953499108237,2023-05-07,"10","은평구"
89.029572331022,2023-05-07,"10","종로구"
90.1497567348692,2023-05-07,"10","중구"
119.358665667304,2023-05-07,"10","중랑구"
245.685441454109,2023-05-07,"11","강동구"
198.01770065312,2023-05-07,"11","강북구"
425.308084999206,2023-05-07,"11","강서구"
595.030790717705,2023-05-07,"11","관악구"
262.576190869157,2023-05-07,"11","광진구"
265.984646358955,2023-05-07,"11","구로구"
210.264113174436,2023-05-07,"11","금천구"
293.935094339956,2023-05-07,"11","노원구"
143.635111866233,2023-05-07,"11","도봉구"
297.594445956076,2023-05-07,"11","동대문구"
291.173900868689,2023-05-07,"11","동작구"
475.925726599296,2023-05-07,"11","마포구"
275.497931278389,2023-05-07,"11","서대문구"
355.415733817753,2023-05-07,"11","서초구"
265.787109958884,2023-05-07,"11","성동구"
328.534724214077,2023-05-07,"11","성북구"
598.841742002243,2023-05-07,"11","송파구"
277.686074825415,2023-05-07,"11","양천구"
409.444395833417,2023-05-07,"11","영등포구"
224.210811367273,2023-05-07,"11","용산구"
256.768034199592,2023-05-07,"11","은평구"
160.757932273863,2023-05-07,"11","종로구"
148.596385909053,2023-05-07,"11","중구"
197.410273489302,2023-05-07,"11","중랑구"
283.210544531579,2023-05-07,"12","강동구"
227.167853579956,2023-05-07,"12","강북구"
459.955560215053,2023-05-07,"12","강서구"
645.85380885469,2023-05-07,"12","관악구"
303.065622479857,2023-05-07,"12","광진구"
289.875557601976,2023-05-07,"12","구로구"
218.496818883909,2023-05-07,"12","금천구"
342.24217602415,2023-05-07,"12","노원구"
173.134529517616,2023-05-07,"12","도봉구"
334.167407093204,2023-05-07,"12","동대문구"
337.510227454572,2023-05-07,"12","동작구"
514.148941670423,2023-05-07,"12","마포구"
291.242493198422,2023-05-07,"12","서대문구"
390.146710369248,2023-05-07,"12","서초구"
300.416223964149,2023-05-07,"12","성동구"
362.56393952519,2023-05-07,"12","성북구"
660.278214852855,2023-05-07,"12","송파구"
319.877597061609,2023-05-07,"12","양천구"
469.215346711157,2023-05-07,"12","영등포구"
241.551002352188,2023-05-07,"12","용산구"
278.681552007759,2023-05-07,"12","은평구"
168.328260639939,2023-05-07,"12","종로구"
161.783297247282,2023-05-07,"12","중구"
228.108584922841,2023-05-07,"12","중랑구"
268.331488105302,2023-05-07,"13","강동구"
208.158454771765,2023-05-07,"13","강북구"
423.45044430075,2023-05-07,"13","강서구"
609.83895209254,2023-05-07,"13","관악구"
275.020449438309,2023-05-07,"13","광진구"
256.737210284161,2023-05-07,"13","구로구"
199.852374517272,2023-05-07,"13","금천구"
303.39861524292,2023-05-07,"13","노원구"
152.669670933821,2023-05-07,"13","도봉구"
288.701638713071,2023-05-07,"13","동대문구"
297.092806169014,2023-05-07,"13","동작구"
437.204651023258,2023-05-07,"13","마포구"
248.573569278602,2023-05-07,"13","서대문구"
329.18859285123,2023-05-07,"13","서초구"
252.476988895137,2023-05-07,"13","성동구"
327.899436594191,2023-05-07,"13","성북구"
591.530616922633,2023-05-07,"13","송파구"
280.520156520897,2023-05-07,"13","양천구"
430.947660667577,2023-05-07,"13","영등포구"
216.122708417601,2023-05-07,"13","용산구"
242.484437045507,2023-05-07,"13","은평구"
147.984814782556,2023-05-07,"13","종로구"
126.769572201023,2023-05-07,"13","중구"
212.219182084338,2023-05-07,"13","중랑구"
208.223653534164,2023-05-07,"14","강동구"
173.114925203162,2023-05-07,"14","강북구"
343.790371003931,2023-05-07,"14","강서구"
517.615779347127,2023-05-07,"14","관악구"
232.691243740971,2023-05-07,"14","광진구"
204.073562133167,2023-05-07,"14","구로구"
160.168086598392,2023-05-07,"14","금천구"
244.100388230478,2023-05-07,"14","노원구"
126.288533301323,2023-05-07,"14","도봉구"
234.213998783899,2023-05-07,"14","동대문구"
236.993969913857,2023-05-07,"14","동작구"
370.479510700098,2023-05-07,"14","마포구"
193.207256887132,2023-05-07,"14","서대문구"
255.301553142061,2023-05-07,"14","서초구"
206.280527350419,2023-05-07,"14","성동구"
262.043172579554,2023-05-07,"14","성북구"
478.318666175682,2023-05-07,"14","송파구"
214.181748852116,2023-05-07,"14","양천구"
326.888297887041,2023-05-07,"14","영등포구"
179.917425627219,2023-05-07,"14","용산구"
204.885134282156,2023-05-07,"14","은평구"
119.316959290671,2023-05-07,"14","종로구"
110.608021727187,2023-05-07,"14","중구"
176.563754300715,2023-05-07,"14","중랑구"
184.828124139192,2023-05-07,"15","강동구"
162.963558726537,2023-05-07,"15","강북구"
295.985936496035,2023-05-07,"15","강서구"
477.410667546548,2023-05-07,"15","관악구"
204.273654928227,2023-05-07,"15","광진구"
175.343902846223,2023-05-07,"15","구로구"
141.602737427417,2023-05-07,"15","금천구"
218.803991731563,2023-05-07,"15","노원구"
114.409734011079,2023-05-07,"15","도봉구"
208.799466702068,2023-05-07,"15","동대문구"
215.471611008855,2023-05-07,"15","동작구"
324.988448209145,2023-05-07,"15","마포구"
188.039170646329,2023-05-07,"15","서대문구"
225.968867487527,2023-05-07,"15","서초구"
178.637453073637,2023-05-07,"15","성동구"
238.209917454996,2023-05-07,"15","성북구"
436.635166892229,2023-05-07,"15","송파구"
189.128520127352,2023-05-07,"15","양천구"
292.760303865216,2023-05-07,"15","영등포구"
163.581793713199,2023-05-07,"15","용산구"
194.883452125039,2023-05-07,"15","은평구"
98.9211697060662,2023-05-07,"15","종로구"
103.657331106916,2023-05-07,"15","중구"
153.240277344199,2023-05-07,"15","중랑구"
215.847180429914,2023-05-07,"16","강동구"
173.426855275698,2023-05-07,"16","강북구"
364.135914145128,2023-05-07,"16","강서구"
529.819601204415,2023-05-07,"16","관악구"
234.527218127442,2023-05-07,"16","광진구"
210.415704409424,2023-05-07,"16","구로구"
164.586454700427,2023-05-07,"16","금천구"
262.313580558395,2023-05-07,"16","노원구"
128.731877643863,2023-05-07,"16","도봉구"
224.94607367878,2023-05-07,"16","동대문구"
259.247515655671,2023-05-07,"16","동작구"
390.345640365893,2023-05-07,"16","마포구"
235.561239840347,2023-05-07,"16","서대문구"
277.940617978346,2023-05-07,"16","서초구"
200.784450182836,2023-05-07,"16","성동구"
272.89379778658,2023-05-07,"16","성북구"
493.892109463459,2023-05-07,"16","송파구"
253.096522175854,2023-05-07,"16","양천구"
360.745162152059,2023-05-07,"16","영등포구"
197.167083004826,2023-05-07,"16","용산구"
225.459119210585,2023-05-07,"16","은평구"
121.431411647461,2023-05-07,"16","종로구"
117.931962435566,2023-05-07,"16","중구"
175.791965043814,2023-05-07,"16","중랑구"
310.579917034512,2023-05-07,"17","강동구"
249.244995454428,2023-05-07,"17","강북구"
530.968945210301,2023-05-07,"17","강서구"
713.058354760722,2023-05-07,"17","관악구"
320.08510643868,2023-05-07,"17","광진구"
321.316813992506,2023-05-07,"17","구로구"
230.91195261327,2023-05-07,"17","금천구"
384.911541372877,2023-05-07,"17","노원구"
191.763839265774,2023-05-07,"17","도봉구"
339.978901366545,2023-05-07,"17","동대문구"
367.940164111784,2023-05-07,"17","동작구"
574.057809698795,2023-05-07,"17","마포구"
363.513985692481,2023-05-07,"17","서대문구"
436.958177555707,2023-05-07,"17","서초구"
322.743361677676,2023-05-07,"17","성동구"
419.872384808911,2023-05-07,"17","성북구"
763.424355067097,2023-05-07,"17","송파구"
370.858818497542,2023-05-07,"17","양천구"
501.12984935852,2023-05-07,"17","영등포구"
288.677361190954,2023-05-07,"17","용산구"
329.783296822398,2023-05-07,"17","은평구"
170.494496254042,2023-05-07,"17","종로구"
171.601084687425,2023-05-07,"17","중구"
257.479599215859,2023-05-07,"17","중랑구"
373.853193681038,2023-05-07,"18","강동구"
309.142758616794,2023-05-07,"18","강북구"
627.327816448219,2023-05-07,"18","강서구"
815.573807450559,2023-05-07,"18","관악구"
385.547857082559,2023-05-07,"18","광진구"
397.277044122495,2023-05-07,"18","구로구"
282.163434706013,2023-05-07,"18","금천구"
476.556164832515,2023-05-07,"18","노원구"
224.421406836842,2023-05-07,"18","도봉구"
404.854680913102,2023-05-07,"18","동대문구"
453.85699686653,2023-05-07,"18","동작구"
659.875825030067,2023-05-07,"18","마포구"
425.832366973468,2023-05-07,"18","서대문구"
478.589866288878,2023-05-07,"18","서초구"
387.189899941645,2023-05-07,"18","성동구"
504.041357894517,2023-05-07,"18","성북구"
866.800861258671,2023-05-07,"18","송파구"
440.156956726869,2023-05-07,"18","양천구"
593.014232694192,2023-05-07,"18","영등포구"
321.480315155742,2023-05-07,"18","용산구"
411.98483177843,2023-05-07,"18","은평구"
209.329870956083,2023-05-07,"18","종로구"
207.032247097593,2023-05-07,"18","중구"
315.94125224361,2023-05-07,"18","중랑구"
354.362474627837,2023-05-07,"19","강동구"
288.060710718798,2023-05-07,"19","강북구"
606.763293020494,2023-05-07,"19","강서구"
808.193907509535,2023-05-07,"19","관악구"
364.848479533146,2023-05-07,"19","광진구"
363.218006828732,2023-05-07,"19","구로구"
280.020116162311,2023-05-07,"19","금천구"
423.25638167616,2023-05-07,"19","노원구"
220.5095295811,2023-05-07,"19","도봉구"
396.270498457772,2023-05-07,"19","동대문구"
406.571068618035,2023-05-07,"19","동작구"
627.601026661372,2023-05-07,"19","마포구"
387.176694846706,2023-05-07,"19","서대문구"
443.770711013762,2023-05-07,"19","서초구"
355.861659663597,2023-05-07,"19","성동구"
450.636741587146,2023-05-07,"19","성북구"
847.979899378974,2023-05-07,"19","송파구"
386.896940810986,2023-05-07,"19","양천구"
548.880096751964,2023-05-07,"19","영등포구"
312.037244997396,2023-05-07,"19","용산구"
380.589925115836,2023-05-07,"19","은평구"
199.382466297348,2023-05-07,"19","종로구"
189.266343128435,2023-05-07,"19","중구"
303.969477392681,2023-05-07,"19","중랑구"
265.224960686282,2023-05-07,"20","강동구"
237.649754292962,2023-05-07,"20","강북구"
462.06729323187,2023-05-07,"20","강서구"
676.8398746502,2023-05-07,"20","관악구"
283.279414347189,2023-05-07,"20","광진구"
254.450787113732,2023-05-07,"20","구로구"
219.921536224899,2023-05-07,"20","금천구"
290.793303334735,2023-05-07,"20","노원구"
169.760848923043,2023-05-07,"20","도봉구"
307.504719562054,2023-05-07,"20","동대문구"
297.844242152875,2023-05-07,"20","동작구"
459.153992665895,2023-05-07,"20","마포구"
277.135731246886,2023-05-07,"20","서대문구"
298.268775724354,2023-05-07,"20","서초구"
242.749483963511,2023-05-07,"20","성동구"
336.024661240536,2023-05-07,"20","성북구"
584.518307325808,2023-05-07,"20","송파구"
276.847718236311,2023-05-07,"20","양천구"
388.056336009165,2023-05-07,"20","영등포구"
233.410492136014,2023-05-07,"20","용산구"
298.978558851982,2023-05-07,"20","은평구"
151.088975458605,2023-05-07,"20","종로구"
144.049018601713,2023-05-07,"20","중구"
242.926310908024,2023-05-07,"20","중랑구"
187.530393282048,2023-05-07,"21","강동구"
174.029985364812,2023-05-07,"21","강북구"
334.140161246611,2023-05-07,"21","강서구"
527.553082959814,2023-05-07,"21","관악구"
206.25035690284,2023-05-07,"21","광진구"
187.969457359237,2023-05-07,"21","구로구"
155.969002495292,2023-05-07,"21","금천구"
204.055216959732,2023-05-07,"21","노원구"
115.293879270459,2023-05-07,"21","도봉구"
217.337842975525,2023-05-07,"21","동대문구"
219.878488847377,2023-05-07,"21","동작구"
289.677666569019,2023-05-07,"21","마포구"
190.928593017817,2023-05-07,"21","서대문구"
199.150644209549,2023-05-07,"21","서초구"
173.198268815459,2023-05-07,"21","성동구"
234.328584153554,2023-05-07,"21","성북구"
402.161113557745,2023-05-07,"21","송파구"
189.110933831393,2023-05-07,"21","양천구"
284.500881483154,2023-05-07,"21","영등포구"
151.77337383292,2023-05-07,"21","용산구"
200.584463797023,2023-05-07,"21","은평구"
101.753926369999,2023-05-07,"21","종로구"
106.64994582293,2023-05-07,"21","중구"
184.033916023419,2023-05-07,"21","중랑구"
139.951439074047,2023-05-07,"22","강동구"
128.183994792703,2023-05-07,"22","강북구"
248.304537262967,2023-05-07,"22","강서구"
410.462969851105,2023-05-07,"22","관악구"
164.293763808741,2023-05-07,"22","광진구"
130.386072966316,2023-05-07,"22","구로구"
115.921960124194,2023-05-07,"22","금천구"
143.913653833832,2023-05-07,"22","노원구"
80.6701716646564,2023-05-07,"22","도봉구"
156.085439214434,2023-05-07,"22","동대문구"
162.215765432894,2023-05-07,"22","동작구"
228.866496003614,2023-05-07,"22","마포구"
144.019007258096,2023-05-07,"22","서대문구"
144.140378150705,2023-05-07,"22","서초구"
127.273484611805,2023-05-07,"22","성동구"
165.983515801544,2023-05-07,"22","성북구"
307.863827037263,2023-05-07,"22","송파구"
124.621830636758,2023-05-07,"22","양천구"
207.283208811077,2023-05-07,"22","영등포구"
116.640539369484,2023-05-07,"22","용산구"
149.015456716437,2023-05-07,"22","은평구"
78.38876754731,2023-05-07,"22","종로구"
80.3016706922378,2023-05-07,"22","중구"
132.557406459197,2023-05-07,"22","중랑구"
98.7241713909997,2023-05-07,"23","강동구"
87.6331234594414,2023-05-07,"23","강북구"
167.636883640561,2023-05-07,"23","강서구"
314.954435087217,2023-05-07,"23","관악구"
114.051233268302,2023-05-07,"23","광진구"
86.8468912799003,2023-05-07,"23","구로구"
85.4208984709763,2023-05-07,"23","금천구"
95.4704363633915,2023-05-07,"23","노원구"
59.6076797113075,2023-05-07,"23","도봉구"
110.602144078811,2023-05-07,"23","동대문구"
110.66976375299,2023-05-07,"23","동작구"
176.163318527611,2023-05-07,"23","마포구"
108.584050341495,2023-05-07,"23","서대문구"
115.295488347397,2023-05-07,"23","서초구"
94.5777315385998,2023-05-07,"23","성동구"
122.196726115516,2023-05-07,"23","성북구"
211.452292437081,2023-05-07,"23","송파구"
86.6817406366146,2023-05-07,"23","양천구"
148.705284582292,2023-05-07,"23","영등포구"
89.909600538355,2023-05-07,"23","용산구"
111.337507437778,2023-05-07,"23","은평구"
61.8977984524556,2023-05-07,"23","종로구"
65.8060070425929,2023-05-07,"23","중구"
90.9454722363856,2023-05-07,"23","중랑구"
24.1020530297457,2023-05-08,"24","강동구"
20.5242691058545,2023-05-08,"24","강북구"
83.8013698322815,2023-05-08,"24","강서구"
173.518096092615,2023-05-08,"24","관악구"
35.7158081344159,2023-05-08,"24","광진구"
16.7178156090108,2023-05-08,"24","구로구"
18.083536467306,2023-05-08,"24","금천구"
26.5986858832929,2023-05-08,"24","노원구"
3.93088827036813,2023-05-08,"24","도봉구"
41.6597841743263,2023-05-08,"24","동대문구"
41.3760651390831,2023-05-08,"24","동작구"
76.3841054953475,2023-05-08,"24","마포구"
38.0763296519743,2023-05-08,"24","서대문구"
38.7199023401111,2023-05-08,"24","서초구"
25.597348692349,2023-05-08,"24","성동구"
48.5630639018025,2023-05-08,"24","성북구"
94.5162493315854,2023-05-08,"24","송파구"
23.495339324418,2023-05-08,"24","양천구"
61.3080387450352,2023-05-08,"24","영등포구"
19.7045942189034,2023-05-08,"24","용산구"
32.4484451858006,2023-05-08,"24","은평구"
6.00460277033418,2023-05-08,"24","종로구"
17.5425931544294,2023-05-08,"24","중구"
20.8531208080259,2023-05-08,"24","중랑구"
4.28773761511382,2023-05-08,"25","강동구"
8.78454311267973,2023-05-08,"25","강북구"
40.6704211447992,2023-05-08,"25","강서구"
112.558097047007,2023-05-08,"25","관악구"
14.87714039926,2023-05-08,"25","광진구"
2.65550322339285,2023-05-08,"25","구로구"
0.21867811592462,2023-05-08,"25","금천구"
5.6990037512314,2023-05-08,"25","노원구"
-8.31653931503812,2023-05-08,"25","도봉구"
19.7645479021489,2023-05-08,"25","동대문구"
18.680481497635,2023-05-08,"25","동작구"
48.4438099209434,2023-05-08,"25","마포구"
20.4591886656296,2023-05-08,"25","서대문구"
23.3707736719514,2023-05-08,"25","서초구"
9.98159940125334,2023-05-08,"25","성동구"
26.5202096718703,2023-05-08,"25","성북구"
53.8557672623022,2023-05-08,"25","송파구"
7.47334092052246,2023-05-08,"25","양천구"
33.0110184734204,2023-05-08,"25","영등포구"
6.68683246312954,2023-05-08,"25","용산구"
13.6110754151233,2023-05-08,"25","은평구"
-6.97843940367462,2023-05-08,"25","종로구"
7.89401698695671,2023-05-08,"25","중구"
1.20258402942774,2023-05-08,"25","중랑구"
18.9154964664877,2023-05-08,"9","강동구"
10.096534328075,2023-05-08,"9","강북구"
59.8375154965001,2023-05-08,"9","강서구"
89.4973859290806,2023-05-08,"9","관악구"
17.1687547349471,2023-05-08,"9","광진구"
13.9012306432837,2023-05-08,"9","구로구"
9.11349601241401,2023-05-08,"9","금천구"
20.7898741097972,2023-05-08,"9","노원구"
-0.905762829675884,2023-05-08,"9","도봉구"
27.6151423004503,2023-05-08,"9","동대문구"
19.6358594567132,2023-05-08,"9","동작구"
61.8284869093592,2023-05-08,"9","마포구"
20.0232544543823,2023-05-08,"9","서대문구"
51.8010016511577,2023-05-08,"9","서초구"
18.3438230075804,2023-05-08,"9","성동구"
31.9710952049988,2023-05-08,"9","성북구"
87.751130933587,2023-05-08,"9","송파구"
19.7411283341125,2023-05-08,"9","양천구"
50.2662560657808,2023-05-08,"9","영등포구"
15.4374579617293,2023-05-08,"9","용산구"
14.9152594813397,2023-05-08,"9","은평구"
8.58044148171147,2023-05-08,"9","종로구"
9.97987124507708,2023-05-08,"9","중구"
6.18791571683053,2023-05-08,"9","중랑구"
53.7167464513997,2023-05-08,"10","강동구"
32.9252049297743,2023-05-08,"10","강북구"
116.305201548081,2023-05-08,"10","강서구"
161.629657555864,2023-05-08,"10","관악구"
59.0380218165345,2023-05-08,"10","광진구"
46.5849063380883,2023-05-08,"10","구로구"
47.2612924100754,2023-05-08,"10","금천구"
58.3964731577251,2023-05-08,"10","노원구"
16.1849603037316,2023-05-08,"10","도봉구"
68.4320371398699,2023-05-08,"10","동대문구"
58.5911467931788,2023-05-08,"10","동작구"
144.105509827761,2023-05-08,"10","마포구"
58.316153543248,2023-05-08,"10","서대문구"
143.234927306065,2023-05-08,"10","서초구"
67.2056694721434,2023-05-08,"10","성동구"
84.0991953214676,2023-05-08,"10","성북구"
180.650582867575,2023-05-08,"10","송파구"
55.6650860061553,2023-05-08,"10","양천구"
173.661127155001,2023-05-08,"10","영등포구"
60.1534831583365,2023-05-08,"10","용산구"
45.5170529811886,2023-05-08,"10","은평구"
51.9962885261746,2023-05-08,"10","종로구"
65.192268405505,2023-05-08,"10","중구"
33.2954584007301,2023-05-08,"10","중랑구"
140.774116672513,2023-05-08,"11","강동구"
97.4276377197887,2023-05-08,"11","강북구"
267.042753408761,2023-05-08,"11","강서구"
333.918267531282,2023-05-08,"11","관악구"
157.947492228888,2023-05-08,"11","광진구"
147.937815961816,2023-05-08,"11","구로구"
130.376795024216,2023-05-08,"11","금천구"
171.697293219634,2023-05-08,"11","노원구"
63.6292694541809,2023-05-08,"11","도봉구"
185.526114551091,2023-05-08,"11","동대문구"
158.98212633402,2023-05-08,"11","동작구"
340.495140527759,2023-05-08,"11","마포구"
158.588115622478,2023-05-08,"11","서대문구"
382.327123099511,2023-05-08,"11","서초구"
208.126315940716,2023-05-08,"11","성동구"
214.870592582623,2023-05-08,"11","성북구"
391.729094356855,2023-05-08,"11","송파구"
144.559463730227,2023-05-08,"11","양천구"
316.805841668955,2023-05-08,"11","영등포구"
162.244805918339,2023-05-08,"11","용산구"
116.192338471444,2023-05-08,"11","은평구"
157.073292971018,2023-05-08,"11","종로구"
179.839458668282,2023-05-08,"11","중구"
94.4426820726841,2023-05-08,"11","중랑구"
143.880376001636,2023-05-08,"12","강동구"
104.391244663822,2023-05-08,"12","강북구"
255.906056041956,2023-05-08,"12","강서구"
367.699847502479,2023-05-08,"12","관악구"
157.093852945172,2023-05-08,"12","광진구"
144.719081746439,2023-05-08,"12","구로구"
113.887376344271,2023-05-08,"12","금천구"
166.288776950739,2023-05-08,"12","노원구"
75.7155064419905,2023-05-08,"12","도봉구"
188.284656716635,2023-05-08,"12","동대문구"
177.359553317345,2023-05-08,"12","동작구"
324.820487252077,2023-05-08,"12","마포구"
164.286740345891,2023-05-08,"12","서대문구"
292.352814743477,2023-05-08,"12","서초구"
199.990094863953,2023-05-08,"12","성동구"
214.838327039635,2023-05-08,"12","성북구"
407.206737582137,2023-05-08,"12","송파구"
167.679593146893,2023-05-08,"12","양천구"
268.265682742343,2023-05-08,"12","영등포구"
153.210079077727,2023-05-08,"12","용산구"
121.121549633947,2023-05-08,"12","은평구"
123.431603429798,2023-05-08,"12","종로구"
129.608388002458,2023-05-08,"12","중구"
99.1916246979348,2023-05-08,"12","중랑구"
104.781322530496,2023-05-08,"13","강동구"
84.9519743356873,2023-05-08,"13","강북구"
199.644144330687,2023-05-08,"13","강서구"
278.806932127369,2023-05-08,"13","관악구"
121.497078856823,2023-05-08,"13","광진구"
96.9694860647924,2023-05-08,"13","구로구"
77.669190625391,2023-05-08,"13","금천구"
130.79522010666,2023-05-08,"13","노원구"
48.0771654285681,2023-05-08,"13","도봉구"
131.330119357946,2023-05-08,"13","동대문구"
133.303973767343,2023-05-08,"13","동작구"
239.95277395844,2023-05-08,"13","마포구"
112.012082702135,2023-05-08,"13","서대문구"
183.452588901175,2023-05-08,"13","서초구"
122.702889369675,2023-05-08,"13","성동구"
155.417671297157,2023-05-08,"13","성북구"
302.934230697436,2023-05-08,"13","송파구"
118.859774568862,2023-05-08,"13","양천구"
194.449386089373,2023-05-08,"13","영등포구"
98.4928490462663,2023-05-08,"13","용산구"
98.1457330649225,2023-05-08,"13","은평구"
71.0304083302002,2023-05-08,"13","종로구"
69.1820750668201,2023-05-08,"13","중구"
75.8250179063807,2023-05-08,"13","중랑구"
75.6079866640331,2023-05-08,"14","강동구"
62.7409133403974,2023-05-08,"14","강북구"
148.355912379747,2023-05-08,"14","강서구"
231.289969360641,2023-05-08,"14","관악구"
91.7872900573933,2023-05-08,"14","광진구"
70.2295843573931,2023-05-08,"14","구로구"
55.3758250611613,2023-05-08,"14","금천구"
100.941492949107,2023-05-08,"14","노원구"
35.6241826000119,2023-05-08,"14","도봉구"
100.784287021401,2023-05-08,"14","동대문구"
97.2615363585699,2023-05-08,"14","동작구"
188.187781491853,2023-05-08,"14","마포구"
79.7415264476113,2023-05-08,"14","서대문구"
133.927429862369,2023-05-08,"14","서초구"
89.017250901089,2023-05-08,"14","성동구"
115.163827401378,2023-05-08,"14","성북구"
231.441063704011,2023-05-08,"14","송파구"
81.0991607764991,2023-05-08,"14","양천구"
146.234059918232,2023-05-08,"14","영등포구"
71.436314358908,2023-05-08,"14","용산구"
77.384979279064,2023-05-08,"14","은평구"
50.4266938187366,2023-05-08,"14","종로구"
47.324003701121,2023-05-08,"14","중구"
57.3379121461903,2023-05-08,"14","중랑구"
77.866774973679,2023-05-08,"15","강동구"
63.1450571088349,2023-05-08,"15","강북구"
139.409804766423,2023-05-08,"15","강서구"
209.140703729721,2023-05-08,"15","관악구"
85.1221944779114,2023-05-08,"15","광진구"
62.6994175350806,2023-05-08,"15","구로구"
45.1044915308277,2023-05-08,"15","금천구"
103.134337057983,2023-05-08,"15","노원구"
38.3671070883172,2023-05-08,"15","도봉구"
84.2019698446723,2023-05-08,"15","동대문구"
92.4768592747137,2023-05-08,"15","동작구"
168.526880673962,2023-05-08,"15","마포구"
87.7945739834081,2023-05-08,"15","서대문구"
128.197047057386,2023-05-08,"15","서초구"
76.3262112532362,2023-05-08,"15","성동구"
108.345765699924,2023-05-08,"15","성북구"
235.127297589651,2023-05-08,"15","송파구"
91.2284642968833,2023-05-08,"15","양천구"
133.912791198693,2023-05-08,"15","영등포구"
62.8922866064666,2023-05-08,"15","용산구"
76.201486271201,2023-05-08,"15","은평구"
41.5739870868816,2023-05-08,"15","종로구"
48.160704619898,2023-05-08,"15","중구"
55.7720566419892,2023-05-08,"15","중랑구"
101.952799409789,2023-05-08,"16","강동구"
72.6330187778838,2023-05-08,"16","강북구"
187.170485285983,2023-05-08,"16","강서구"
272.142389163192,2023-05-08,"16","관악구"
107.149443601605,2023-05-08,"16","광진구"
89.9114265996164,2023-05-08,"16","구로구"
59.7528337202977,2023-05-08,"16","금천구"
126.232873977675,2023-05-08,"16","노원구"
45.9719486456953,2023-05-08,"16","도봉구"
118.704112922934,2023-05-08,"16","동대문구"
119.736601140987,2023-05-08,"16","동작구"
209.028203272666,2023-05-08,"16","마포구"
125.697177105517,2023-05-08,"16","서대문구"
166.797262942795,2023-05-08,"16","서초구"
100.812177270138,2023-05-08,"16","성동구"
142.368372004798,2023-05-08,"16","성북구"
278.260578268923,2023-05-08,"16","송파구"
137.968059438854,2023-05-08,"16","양천구"
165.33675171355,2023-05-08,"16","영등포구"
85.6514543360332,2023-05-08,"16","용산구"
95.9490275743094,2023-05-08,"16","은평구"
59.0763155283956,2023-05-08,"16","종로구"
60.0828347426094,2023-05-08,"16","중구"
75.6601277993013,2023-05-08,"16","중랑구"
171.076296673024,2023-05-08,"17","강동구"
128.539220053092,2023-05-08,"17","강북구"
316.961938425575,2023-05-08,"17","강서구"
430.906009370686,2023-05-08,"17","관악구"
173.88784600144,2023-05-08,"17","광진구"
159.450725275241,2023-05-08,"17","구로구"
118.822922657663,2023-05-08,"17","금천구"
209.054592138661,2023-05-08,"17","노원구"
89.7409104471657,2023-05-08,"17","도봉구"
203.810210846333,2023-05-08,"17","동대문구"
202.154717211644,2023-05-08,"17","동작구"
342.05986651727,2023-05-08,"17","마포구"
214.12288575734,2023-05-08,"17","서대문구"
293.264536571719,2023-05-08,"17","서초구"
197.742390741513,2023-05-08,"17","성동구"
262.185571491047,2023-05-08,"17","성북구"
447.687783791388,2023-05-08,"17","송파구"
213.241211944528,2023-05-08,"17","양천구"
320.809129853812,2023-05-08,"17","영등포구"
159.172318744591,2023-05-08,"17","용산구"
171.111247679586,2023-05-08,"17","은평구"
120.189451235735,2023-05-08,"17","종로구"
109.889529912241,2023-05-08,"17","중구"
116.137011573251,2023-05-08,"17","중랑구"
263.494545298127,2023-05-08,"18","강동구"
199.816729833808,2023-05-08,"18","강북구"
479.535439168034,2023-05-08,"18","강서구"
630.137352653231,2023-05-08,"18","관악구"
273.286200766274,2023-05-08,"18","광진구"
255.891614885423,2023-05-08,"18","구로구"
210.977817878839,2023-05-08,"18","금천구"
308.685215507582,2023-05-08,"18","노원구"
144.899460109337,2023-05-08,"18","도봉구"
308.025100462689,2023-05-08,"18","동대문구"
309.06602954606,2023-05-08,"18","동작구"
522.104039115064,2023-05-08,"18","마포구"
316.398586235245,2023-05-08,"18","서대문구"
423.397528543327,2023-05-08,"18","서초구"
303.356843853706,2023-05-08,"18","성동구"
362.317306183131,2023-05-08,"18","성북구"
637.368466956425,2023-05-08,"18","송파구"
292.130564256699,2023-05-08,"18","양천구"
484.663087606343,2023-05-08,"18","영등포구"
236.314682576344,2023-05-08,"18","용산구"
262.250238134696,2023-05-08,"18","은평구"
178.03607292069,2023-05-08,"18","종로구"
187.312365891988,2023-05-08,"18","중구"
201.920645986222,2023-05-08,"18","중랑구"
275.634198190061,2023-05-08,"19","강동구"
213.152395304801,2023-05-08,"19","강북구"
512.626357787091,2023-05-08,"19","강서구"
676.367041505788,2023-05-08,"19","관악구"
284.469428689445,2023-05-08,"19","광진구"
284.047669153528,2023-05-08,"19","구로구"
224.798182349031,2023-05-08,"19","금천구"
307.698095647262,2023-05-08,"19","노원구"
147.86913393192,2023-05-08,"19","도봉구"
293.170729085985,2023-05-08,"19","동대문구"
308.597829162753,2023-05-08,"19","동작구"
521.846913157776,2023-05-08,"19","마포구"
306.097685527138,2023-05-08,"19","서대문구"
399.51231610994,2023-05-08,"19","서초구"
293.647676493073,2023-05-08,"19","성동구"
361.306627582261,2023-05-08,"19","성북구"
662.883798793644,2023-05-08,"19","송파구"
295.488306198633,2023-05-08,"19","양천구"
464.599572647298,2023-05-08,"19","영등포구"
253.308856109243,2023-05-08,"19","용산구"
291.25005072224,2023-05-08,"19","은평구"
152.172137005168,2023-05-08,"19","종로구"
170.281959943815,2023-05-08,"19","중구"
212.487620591749,2023-05-08,"19","중랑구"
195.626869504542,2023-05-08,"20","강동구"
161.027437886845,2023-05-08,"20","강북구"
375.96326794229,2023-05-08,"20","강서구"
544.647295631505,2023-05-08,"20","관악구"
209.988647980228,2023-05-08,"20","광진구"
200.77685448411,2023-05-08,"20","구로구"
158.280996842899,2023-05-08,"20","금천구"
214.379596161864,2023-05-08,"20","노원구"
105.327382022288,2023-05-08,"20","도봉구"
215.569220344579,2023-05-08,"20","동대문구"
220.935562362236,2023-05-08,"20","동작구"
376.593937566581,2023-05-08,"20","마포구"
208.386902247708,2023-05-08,"20","서대문구"
245.046425173805,2023-05-08,"20","서초구"
190.614324726649,2023-05-08,"20","성동구"
258.633963454974,2023-05-08,"20","성북구"
467.108618108718,2023-05-08,"20","송파구"
214.045983944328,2023-05-08,"20","양천구"
306.658312940946,2023-05-08,"20","영등포구"
176.614089004465,2023-05-08,"20","용산구"
224.093627712187,2023-05-08,"20","은평구"
97.3785089663041,2023-05-08,"20","종로구"
110.855407934705,2023-05-08,"20","중구"
169.786829986328,2023-05-08,"20","중랑구"
130.531399804932,2023-05-08,"21","강동구"
108.561150723132,2023-05-08,"21","강북구"
268.025262638527,2023-05-08,"21","강서구"
410.192520617131,2023-05-08,"21","관악구"
150.91903143861,2023-05-08,"21","광진구"
126.352963828278,2023-05-08,"21","구로구"
102.420941243914,2023-05-08,"21","금천구"
135.89975425721,2023-05-08,"21","노원구"
63.4074821784106,2023-05-08,"21","도봉구"
147.933044357314,2023-05-08,"21","동대문구"
146.458511495257,2023-05-08,"21","동작구"
246.446237004335,2023-05-08,"21","마포구"
144.811895972847,2023-05-08,"21","서대문구"
158.798815967719,2023-05-08,"21","서초구"
129.627735365438,2023-05-08,"21","성동구"
169.102493301746,2023-05-08,"21","성북구"
333.226487581552,2023-05-08,"21","송파구"
132.341041343659,2023-05-08,"21","양천구"
212.21818456469,2023-05-08,"21","영등포구"
109.819743257164,2023-05-08,"21","용산구"
137.927120066565,2023-05-08,"21","은평구"
64.5104213868375,2023-05-08,"21","종로구"
58.76629989052,2023-05-08,"21","중구"
109.587877187449,2023-05-08,"21","중랑구"
92.2778318942901,2023-05-08,"22","강동구"
75.5938312203333,2023-05-08,"22","강북구"
186.631840469739,2023-05-08,"22","강서구"
311.248812987219,2023-05-08,"22","관악구"
103.227952673203,2023-05-08,"22","광진구"
82.6357461978666,2023-05-08,"22","구로구"
65.6535985645467,2023-05-08,"22","금천구"
99.8403689655007,2023-05-08,"22","노원구"
40.8818872485472,2023-05-08,"22","도봉구"
106.896281055452,2023-05-08,"22","동대문구"
104.688686281293,2023-05-08,"22","동작구"
174.831216019302,2023-05-08,"22","마포구"
106.134723813887,2023-05-08,"22","서대문구"
111.484180304568,2023-05-08,"22","서초구"
83.115990030631,2023-05-08,"22","성동구"
124.141791424124,2023-05-08,"22","성북구"
235.917734234365,2023-05-08,"22","송파구"
98.3150666608209,2023-05-08,"22","양천구"
150.789708325601,2023-05-08,"22","영등포구"
71.943757562678,2023-05-08,"22","용산구"
104.398849407987,2023-05-08,"22","은평구"
40.9587002617841,2023-05-08,"22","종로구"
43.8501062058387,2023-05-08,"22","중구"
80.0589405606373,2023-05-08,"22","중랑구"
51.0167332091409,2023-05-08,"23","강동구"
46.2101006215692,2023-05-08,"23","강북구"
121.268802935964,2023-05-08,"23","강서구"
251.938403385565,2023-05-08,"23","관악구"
69.5267487661798,2023-05-08,"23","광진구"
44.3925147115478,2023-05-08,"23","구로구"
43.256924112126,2023-05-08,"23","금천구"
52.4295803376734,2023-05-08,"23","노원구"
18.9750009390358,2023-05-08,"23","도봉구"
69.3782291282273,2023-05-08,"23","동대문구"
67.3669682953977,2023-05-08,"23","동작구"
113.68651104876,2023-05-08,"23","마포구"
70.080054107937,2023-05-08,"23","서대문구"
68.1518831696229,2023-05-08,"23","서초구"
56.1055921642363,2023-05-08,"23","성동구"
77.205632637989,2023-05-08,"23","성북구"
163.45100379365,2023-05-08,"23","송파구"
51.1651485776715,2023-05-08,"23","양천구"
105.493915688376,2023-05-08,"23","영등포구"
47.6347427603045,2023-05-08,"23","용산구"
67.3439417619706,2023-05-08,"23","은평구"
23.9369726227578,2023-05-08,"23","종로구"
31.0182770035548,2023-05-08,"23","중구"
44.8625094109277,2023-05-08,"23","중랑구"
